,Ti,Ni,Cu,Hf,Zr,Nb,Co,Cr,Fe,Mn,Pd,V,Al,hysteresis,enthalpy.lin,anum,dor,cdor,ar_c,car_c,mass,cmass,Density,S,r.atom,delta.r,Lambda,mismatch.r,H,Tm,ou,x,delta.x,mismatch.x,VEN,ea,energy.cohesive,cenergy.cohesive,YM,cYM,cs,ccs,EBE,cEBE
1,25,43,7,25,0,0,0,0,0,0,0,0,0,42.83,-19.8,0.933296276,0.784885085,0.010726696,0.813664596,0.035486308,0.933553266,0.93561374,0.981288573,0.681245507,0.709629893,0.848036848,0.184636051,0.818682595,0.360468625,0.76318367,0.473025856,0.253107345,0.867612697,0.88925345,0.824324324,0.064807382,0.738721982,0.063919208,0.408286686,0.113798547,0.382116507,0.045567473,0.957480008,0.986516263
2,50,48.5,0,0,0,0,1.5,0,0,0,0,0,0,34.65,-30.61,0.05885214,0.028372059,0.551208654,0.259352882,0.909520241,0.041975933,0.009854769,0.095934926,0.08362613,0.156323777,0.16570433,0.185118519,0.050138107,0.340256205,0.366038271,0.052889062,0.933898305,0.064417932,0.055683098,0.709459459,0.917943315,0.291577373,0.929464148,0.931514246,0.97729913,0.330360093,0.824583733,0.024324594,0.021604459
3,26.55,36.45,8.1,18.9,0,10,0,0,0,0,0,0,0,58.56,-14.09,0.83143413,0.909955045,0.1637611,0.934674274,0.137441862,0.825437351,0.836295788,0.83647736,0.962215838,0.741178663,0.587514397,0.541809077,0.643664388,0.789184521,0.949983907,1,0.257231638,0.649878842,0.715653505,0.532432432,0.080289471,0.990639279,0.234885655,0.259615904,0.127854395,0.258506772,0.089887064,0.806096586,0.849794249
4,20,37,13,25,5,0,0,0,0,0,0,0,0,42.89,-15.2,1,0.913701276,0.018203436,0.904665607,0,1,0.972908962,1,0.940731867,0.868962457,0.944797677,0.271998773,0.94012937,0.475731487,0.718710307,0.69826671,0.127683616,0.969093185,0.974635647,0.905405405,0.03557356,0.75624385,0.015931435,0.170701417,0.021996839,0.438277723,0.014722643,1,0.997159315
5,30.9,48.5,0,16.1,2.46,2.04,0,0,0,0,0,0,0,50.86,-28.29,0.670678155,0.656500388,0.184959143,0.74316048,0.24698148,0.659460292,0.690822373,0.701107711,0.602123824,0.593691311,0.739103947,0.200654295,0.694069015,0.210163998,0.762885335,0.359026668,0.395118644,0.673982812,0.71815392,0.635675676,0.222742669,0.767118192,0.313985756,0.61047895,0.318308738,0.261083581,0.200845126,0.657938452,0.743782095
6,30.9,48.5,0,13.5,3.7,3.4,0,0,0,0,0,0,0,68.27,-21.35,0.61381323,0.64206792,0.235461984,0.731547017,0.299841792,0.598757248,0.621832346,0.637365816,0.655099001,0.56334428,0.711622707,0.250155717,0.667969115,0.235235407,0.75814797,0.400085709,0.445423729,0.623394855,0.673585993,0.654054054,0.274118672,0.784656234,0.379835028,0.619233608,0.358602433,0.265774694,0.244473564,0.582936502,0.668558339
7,30.9,48.5,0,18.18,1.468,0.952,0,0,0,0,0,0,0,54.71,-24.24,0.716170094,0.668046363,0.14628476,0.752451249,0.20650178,0.708022727,0.743653989,0.751818651,0.542114422,0.617968936,0.760466011,0.151936245,0.713344242,0.185034184,0.766675227,0.314603407,0.354874576,0.713480982,0.751933457,0.620972973,0.183399631,0.753087758,0.263559287,0.603475225,0.28745238,0.25733069,0.167435067,0.717940012,0.801387414
8,49.62,50.38,0,0,0,0,0,0,0,0,0,0,0,33.89,-23.53,0.061478599,0.020173681,0.541014343,0.248692763,0.902560456,0.042987623,8.94E-05,0.100677609,3.87E-06,0.140422828,0.168958127,0.105075681,0.050068144,0.327950155,0.361160391,1.09E-05,0.954870056,0.066443133,0.05570919,0.760540541,0.928103208,0.290488321,0.924392772,0.938145035,0.97654146,0.351172778,0.825754868,0.025689119,0.023090327
9,49.6,50.4,0,0,0,0,0,0,0,0,0,0,0,32.21,-21.24,0.061561979,0.019877593,0.540664682,0.248302759,0.902327222,0.043046055,0,0.100921021,0,0.139657407,0.169028697,0.105026128,0.050056173,0.327963078,0.361012954,0,0.955706215,0.066361304,0.055698488,0.762162162,0.928425242,0.290377798,0.924195552,0.938749798,0.976668196,0.351833499,0.825791989,0.025730594,0.023133753
10,50,30,20,0,0,0,0,0,0,0,0,0,0,16.95,-17.76,0.073790995,0.002328982,0.508777698,0.198324426,0.870116348,0.06812574,0.124137154,0.10696323,0.41753811,0.268926955,0.0243422,0.646426588,0.004480252,1,0.1078505,0.561634155,0.916384181,0.051051129,0.048391774,1,0.975324717,0.0364994,0.782130505,0.422685793,0.765501394,0.580883163,0.860952387,0.032858649,0.031525399
11,50,37.5,12.5,0,0,0,0,0,0,0,0,0,0,22.43,-19.17,0.068579767,0.011130369,0.523287616,0.219991333,0.883877468,0.05828262,0.078484967,0.10290576,0.34888065,0.226191533,0.079797327,0.515594633,0.032327894,0.756811929,0.203892198,0.368324252,0.924858757,0.057439298,0.05291119,0.898648649,0.955419485,0.132532719,0.836612983,0.611674076,0.843348327,0.490034137,0.847555561,0.029874563,0.028069821
12,50,35,15,0,0,0,0,0,0,0,0,0,0,16.83,-18.96,0.070316843,0.008196573,0.518441362,0.212769031,0.879281308,0.06156366,0.093732616,0.104262304,0.378985397,0.240436673,0.061556265,0.565068693,0.024473431,0.839058016,0.171878299,0.432418579,0.922033898,0.055317026,0.051636483,0.932432432,0.962067754,0.100521613,0.818416052,0.548677982,0.817347761,0.520317146,0.852030047,0.030869258,0.02922397
13,29.7,50.3,0,15,5,0,0,0,0,0,0,0,0,32,-16.16,0.644802668,0.617595551,0.189694729,0.705257836,0.26473273,0.630819495,0.65346596,0.673283137,0.555143348,0.57749534,0.824198609,0.12515449,0.752940878,0.11956806,0.687426671,0.289020248,0.426101695,0.713163903,0.749650684,0.754054054,0.268551391,0.706737832,0.318965688,0.644144063,0.344897453,0.307234886,0.227906368,0.623532205,0.709595118
14,30,50,0,15,5,0,0,0,0,0,0,0,0,36.4,-21.08,0.643551973,0.622036867,0.193434998,0.711107901,0.267010145,0.629943019,0.654822596,0.669115387,0.557074489,0.588976657,0.820230088,0.1283705,0.753009939,0.120736073,0.689638226,0.290775784,0.413559322,0.712711238,0.749712426,0.72972973,0.264576826,0.708395671,0.32085583,0.635072625,0.343132752,0.297324083,0.227166997,0.622910074,0.709477061
15,30,45,5,15,5,0,0,0,0,0,0,0,0,44,-21.16,0.647026126,0.616169275,0.186640559,0.696663296,0.261020804,0.636505099,0.676889558,0.670072165,0.758737596,0.617466939,0.786297854,0.266293037,0.75015377,0.294103725,0.625610427,0.469530507,0.407909605,0.708853136,0.749248896,0.797297297,0.275606722,0.644373458,0.294263371,0.509080437,0.304782447,0.3578901,0.234822785,0.624899465,0.710194052
16,30,40,10,15,5,0,0,0,0,0,0,0,0,49,-12.55,0.650500278,0.610301684,0.179866402,0.682218691,0.255049342,0.643067179,0.698890647,0.671023555,0.867495876,0.64595722,0.751720831,0.354291669,0.741585265,0.462737789,0.561582629,0.61468757,0.402259887,0.704973917,0.747858307,0.864864865,0.286603694,0.580351246,0.267750292,0.383088249,0.266546621,0.418456117,0.242455719,0.626888856,0.710908902
17,30.5,49.5,0,15,5,0,0,0,0,0,0,0,0,40.5,-34.11,0.641467482,0.629439058,0.199677746,0.72085801,0.270811297,0.628482227,0.657086908,0.662193558,0.560160831,0.608112186,0.81347002,0.133762047,0.752818104,0.123014112,0.69332415,0.293749214,0.392655367,0.711840803,0.74954092,0.689189189,0.257943023,0.711158735,0.324010599,0.619953563,0.340187352,0.280806079,0.225932939,0.621873189,0.709280016
18,31,49,0,15,5,0,0,0,0,0,0,0,0,49,-28.12,0.639382991,0.63684125,0.205931729,0.730608118,0.274619289,0.627021434,0.659355295,0.655302082,0.563082811,0.627247715,0.806527288,0.139195149,0.752242599,0.12570634,0.697010075,0.29678402,0.371751412,0.710824414,0.749026402,0.648648649,0.251297281,0.713921799,0.327171044,0.6048345,0.337236651,0.264288074,0.224696661,0.620836304,0.709082616
19,31.5,48.5,0,5,15,0,0,0,0,0,0,0,0,47.8,-28.12,0.414952752,0.609037896,0.444399343,0.725913621,0.514411833,0.389709545,0.373571495,0.361452798,0.565841429,0.690760628,0.876137335,0.10444912,0.822465194,0.048460105,0.569871633,0.257139459,0.384745763,0.661137645,0.703670007,0.608108108,0.450457269,0.691075978,0.576432088,0.55371767,0.48618748,0.231252065,0.40609702,0.328147355,0.385755444
20,31.5,38.5,10,5,15,0,0,0,0,0,0,0,0,53.2,-15.89,0.421901056,0.597302714,0.428522335,0.697024411,0.500329507,0.402833705,0.423369735,0.36504744,0.872038647,0.747741191,0.806201138,0.320327936,0.807613118,0.400639034,0.441816036,0.562830489,0.373446328,0.653036884,0.701259652,0.743243243,0.474267663,0.563031553,0.516697127,0.301733293,0.400787254,0.352384099,0.422458464,0.332126137,0.38841479
21,31.5,48.5,0,7.5,12.5,0,0,0,0,0,0,0,0,46.2,-27.8,0.470539188,0.617839282,0.381841427,0.729524772,0.450836801,0.448672319,0.451177079,0.432868812,0.59046363,0.679666282,0.857274122,0.128020646,0.806338075,0.068548268,0.602577725,0.280895024,0.376271186,0.673363689,0.715837665,0.608108108,0.395007677,0.697478199,0.510131366,0.562717112,0.445262076,0.235381566,0.356892066,0.401060371,0.472810126
22,31.5,48.5,0,10,10,0,0,0,0,0,0,0,0,45.8,-27.86,0.526125625,0.626640669,0.322440012,0.733135924,0.390469592,0.507635093,0.524866898,0.504504797,0.598300787,0.668571936,0.838199853,0.142588679,0.78909874,0.088636431,0.635283816,0.295974597,0.36779661,0.68552562,0.727310029,0.608108108,0.342355919,0.70388042,0.447175997,0.571716554,0.406401656,0.239511067,0.310169859,0.473973387,0.555472266
23,31.5,38.5,10,10,10,0,0,0,0,0,0,0,0,50.7,-17.25,0.53307393,0.614905487,0.307744995,0.704246714,0.377485221,0.520759253,0.571684732,0.50731269,0.904498005,0.725552498,0.768102185,0.365289464,0.774246664,0.439631964,0.507228219,0.615800238,0.356497175,0.677459141,0.724899674,0.743243243,0.365308517,0.575835995,0.390851962,0.319732177,0.325547765,0.360643101,0.326009907,0.477952168,0.557464318
24,31.5,48.5,0,12.5,7.5,0,0,0,0,0,0,0,0,46.2,-27.06,0.581712062,0.635442055,0.265962074,0.736747075,0.333073392,0.566597868,0.594930026,0.576361772,0.59046363,0.657477589,0.818910395,0.148466329,0.77074719,0.108724594,0.667989908,0.30263068,0.359322034,0.69762439,0.738087098,0.608108108,0.292295451,0.710282641,0.387319016,0.580715996,0.369453775,0.243640568,0.265747115,0.546886403,0.634066138
25,31.5,48.5,0,15,5,0,0,0,0,0,0,0,0,45.6,-27.53,0.637298499,0.644243442,0.212196977,0.740358226,0.278434141,0.625560642,0.661627768,0.64844076,0.565841429,0.646383243,0.799401469,0.144672293,0.751283425,0.128812757,0.700695999,0.299882494,0.350847458,0.709660925,0.748168872,0.608108108,0.244639569,0.716684862,0.330337183,0.589715438,0.334280636,0.247770069,0.223458156,0.619799419,0.708884861
26,31.5,43.5,5,15,5,0,0,0,0,0,0,0,0,47.5,-21.37,0.640772651,0.638375851,0.205356087,0.725913621,0.272411519,0.632122721,0.683744063,0.649449263,0.765512057,0.674873524,0.764594388,0.28408679,0.746713556,0.306085619,0.636668201,0.480861727,0.34519774,0.705654891,0.747427224,0.675675676,0.255729104,0.65266265,0.30365877,0.463723249,0.295840135,0.308336086,0.231140156,0.621788809,0.709604674
27,31.5,38.5,10,15,5,0,0,0,0,0,0,0,0,53.6,-16.85,0.644246804,0.63250826,0.198535673,0.711469016,0.266406924,0.638684801,0.705794162,0.650452125,0.872038647,0.703363806,0.729122438,0.372867862,0.736431349,0.478624893,0.572640403,0.628836007,0.339548023,0.701626974,0.745758517,0.743243243,0.266785447,0.588640438,0.277060209,0.337731061,0.257514692,0.368902103,0.238799164,0.6237782,0.710322332
28,31.5,33.5,15,15,5,0,0,0,0,0,0,0,0,46.7,-14.73,0.647720956,0.626640669,0.191735642,0.697024411,0.260420275,0.645246881,0.72777836,0.651449392,0.938026668,0.731854087,0.692964002,0.440576526,0.720436806,0.646430579,0.508612604,0.772191147,0.333898305,0.69757704,0.743162749,0.810810811,0.277808746,0.524618225,0.250541142,0.211738872,0.21930379,0.42946812,0.246435282,0.625767591,0.711037845
29,31.5,28.5,20,15,5,0,0,0,0,0,0,0,0,44.2,-9.17,0.651195108,0.620773078,0.184955904,0.682579806,0.254451491,0.651808961,0.749696954,0.652441112,0.973641993,0.760344369,0.65609591,0.492242141,0.698729925,0.809502677,0.444584806,0.917007996,0.328248588,0.693504952,0.739639923,0.878378378,0.28879915,0.460596013,0.224101213,0.085746684,0.181206916,0.490034137,0.254048612,0.627756981,0.711751223
30,31.5,48.5,0,20,0,0,0,0,0,0,0,0,0,49.8,-31.84,0.748471373,0.661846215,0.112059291,0.747580529,0.176668338,0.74348619,0.785852552,0.793268906,0.42630505,0.62419455,0.759707298,0.082440627,0.70901925,0.168989083,0.766108183,0.241406247,0.333898305,0.733550883,0.766246536,0.608108108,0.155880317,0.729489305,0.224208314,0.607714322,0.268770537,0.256029072,0.144694818,0.76562545,0.848235001
31,31.5,43.5,5,20,0,0,0,0,0,0,0,0,0,45.1,-26.11,0.751945525,0.655978624,0.105674703,0.733135924,0.171066898,0.75004827,0.806778992,0.793873062,0.625975678,0.652684832,0.724805402,0.22391067,0.70444938,0.345670246,0.702080384,0.422664597,0.328248588,0.729560175,0.765504888,0.675675676,0.166589266,0.665467093,0.198902668,0.481722133,0.23218302,0.316595089,0.152137888,0.767614841,0.84872257
32,31.5,38.5,10,20,0,0,0,0,0,0,0,0,0,48.5,-21.2,0.755419678,0.650111033,0.099308351,0.718691319,0.165481457,0.75661035,0.82764566,0.794473827,0.732502268,0.681175113,0.68922527,0.313400195,0.694167174,0.517617822,0.638052586,0.5696972,0.32259887,0.725547794,0.76383618,0.743243243,0.177267626,0.60144488,0.173669303,0.355729945,0.19570001,0.377161106,0.159559698,0.769604232,0.849208748
33,31.5,48.5,0,0,20,0,0,0,0,0,0,0,0,48.7,-32.9,0.303779878,0.591435122,0.580047551,0.718691319,0.652265515,0.271783997,0.205294496,0.219276646,0.42630505,0.712949321,0.913246425,0.009679174,0.851382788,0.008283779,0.50445945,0.164216354,0.401694915,0.63648929,0.677248806,0.608108108,0.570692057,0.678271535,0.720196053,0.535718785,0.574928571,0.222993062,0.512791173,0.182321324,0.196989382
34,31.5,43.5,5,0,20,0,0,0,0,0,0,0,0,52.7,-22.54,0.30725403,0.585567531,0.571412936,0.704246714,0.644576222,0.278346077,0.231926718,0.221468594,0.625975678,0.741439602,0.878664545,0.136800098,0.846812918,0.187331736,0.440431651,0.322516715,0.396045198,0.632432132,0.676507158,0.675675676,0.583074559,0.614249323,0.688351348,0.409726597,0.529606181,0.283559079,0.521257731,0.184310714,0.198726347
35,31.5,38.5,10,0,20,0,0,0,0,0,0,0,0,44.5,-15.67,0.310728182,0.57969994,0.562808501,0.689802109,0.636913805,0.284908157,0.258465853,0.223648392,0.732502268,0.769929884,0.843453368,0.216523216,0.836530712,0.361646105,0.376403853,0.448177132,0.39039548,0.628352403,0.674838451,0.743243243,0.595413781,0.55022711,0.656617949,0.283734408,0.484442204,0.344125096,0.529694696,0.186300105,0.200457241
36,33,47,0,15,5,0,0,0,0,0,0,0,0,50.3,-24.69,0.631045025,0.666450017,0.231060616,0.769608551,0.289920036,0.621178264,0.668469814,0.628035748,0.573146161,0.703789829,0.776920678,0.161393286,0.746103884,0.140617142,0.711753773,0.309583557,0.288135593,0.70527588,0.743538209,0.486486486,0.224594282,0.724974054,0.339869909,0.54435825,0.325380555,0.198216056,0.219729219,0.616688763,0.708289452
37,33,42,5,15,5,0,0,0,0,0,0,0,0,44.1,-21.81,0.634519177,0.660582426,0.224172871,0.755163946,0.283863861,0.627740344,0.690635654,0.629094553,0.770758116,0.73228011,0.741217163,0.302462129,0.739820313,0.321795213,0.647725975,0.49319191,0.282485876,0.70111662,0.742518443,0.554054054,0.235743941,0.660951842,0.313105002,0.418366061,0.286849443,0.258782072,0.227437604,0.618678154,0.709012107
38,33,37,10,15,5,0,0,0,0,0,0,0,0,48.4,-17.34,0.63799333,0.654714835,0.217305798,0.740719341,0.277825862,0.634302424,0.71273497,0.630147473,0.874969617,0.760770391,0.704826912,0.392111747,0.727824405,0.498239697,0.583698176,0.644415204,0.276836158,0.696934656,0.740571618,0.621621622,0.246860138,0.596929629,0.286420421,0.292373873,0.248433972,0.319348089,0.235122856,0.620667544,0.709732593
39,36,44,0,15,5,0,0,0,0,0,0,0,0,49.6,-20.09,0.618538077,0.710863168,0.269096199,0.828109201,0.313079551,0.612413509,0.68226573,0.588013746,0.583452066,0.818603,0.726940175,0.196375749,0.725385718,0.175409012,0.733869321,0.33103916,0.162711864,0.692363011,0.725015556,0.243243243,0.184176093,0.741552438,0.359091163,0.453643874,0.307434932,0.099108028,0.212210399,0.610467452,0.707088903
40,36,49,0,15,0,0,0,0,0,0,0,0,0,54.4,-28.12,0.576848249,0.50098395,0.194397804,0.622273581,0.316419117,0.568449196,0.634179675,0.629642798,0.383110135,0.502103488,0.639886409,0.119101067,0.57580079,0.20688737,0.664650079,0.21777592,0.49039548,0.589662642,0.622482755,0.648648649,0.305210545,0.619573275,0.359041896,0.691229144,0.405442352,0.280806079,0.276110559,0.580703581,0.689119317
41,36,44,5,15,0,0,0,0,0,0,0,0,0,58.2,-23.33,0.580322401,0.495116359,0.187401124,0.607828976,0.310176769,0.575011276,0.65693043,0.630726055,0.583452066,0.530593769,0.605395474,0.27283178,0.571802154,0.382858495,0.600622281,0.39880909,0.484745763,0.585702451,0.621833813,0.716216216,0.316503815,0.555551063,0.331604929,0.565236955,0.365863,0.341372096,0.283917236,0.582692971,0.689888822
42,39,41,0,15,5,0,0,0,0,0,0,0,0,45.2,-15.8,0.606031128,0.755276318,0.307548483,0.886609851,0.336492791,0.603648754,0.696212788,0.549009054,0.588112914,0.933416171,0.670126941,0.233926976,0.690855442,0.225111683,0.755984869,0.355749312,0.037288136,0.67366227,0.694144469,0,0.1433151,0.758130821,0.378522997,0.362929498,0.289292705,0,0.204609207,0.604246141,0.705875201
43,50,43.9,1.5,0,0,0,0,0,4.6,0,0,0,0,4.14,-3.32,0.054544191,0.040648865,0.567125998,0.275025278,0.920535858,0.040311549,0.025894217,0.087689436,0.272333957,0.159675158,0.162754348,0.363501584,0.057262683,0.470766427,0.357967308,0.208950328,0.895706215,0.042037069,0.052372012,0.625675676,0.901212211,0.263461513,0.923396919,0.907071762,0.973338458,0.306133686,0.824911505,0.022038581,0.019061737
44,50,43.9,2.1,0,0,0,0,0,4,0,0,0,0,4.54,-3.02,0.055794886,0.037778259,0.563012225,0.270258558,0.917278901,0.041560019,0.027652831,0.089218924,0.278845216,0.163594568,0.157941895,0.373777728,0.056098562,0.480648738,0.348560413,0.215687704,0.900451977,0.044804818,0.05304172,0.65,0.906078198,0.25707277,0.918149922,0.889576846,0.965056327,0.32000881,0.826372679,0.022728524,0.019853743
45,50,44,2.3,0,0,0,0,0,3.7,0,0,0,0,4.31,-3.3,0.05635075,0.036460308,0.561154486,0.268164091,0.915838786,0.042053013,0.027914364,0.089928312,0.277212698,0.164984468,0.156215303,0.373755553,0.055534835,0.481904796,0.345137521,0.214736579,0.902937853,0.046269165,0.053363966,0.660810811,0.908238605,0.255158842,0.916266167,0.883349232,0.961972856,0.325735051,0.826921234,0.023033707,0.020202466
46,48,50,0,0,0,2,0,0,0,0,0,0,0,46.96,-9.86,0.086297943,0.072378992,0.540896841,0.287880976,0.871598515,0.066215494,0.021984264,0.125693055,0.104222761,0.143427709,0.156077984,0.211409201,0.049716266,0.344208751,0.41996006,0.07102185,0.952542373,0.056970016,0.055363263,0.756756757,0.890198087,0.365910531,0.917801869,0.918735038,0.938553029,0.345226297,0.791349889,0.042171214,0.04396022
47,25.5,29.4,19.6,25.5,0,0,0,0,0,0,0,0,0,38.48,-10.21,0.955252918,0.800249147,0,0.808320092,0.017897608,0.964817901,1,0.982757109,0.847529117,0.829992012,0.751628809,0.342236512,0.785363989,0.779491968,0.618982685,0.829895439,0.183502825,0.86735725,0.892639814,0.913513514,0.066417552,0.593627431,0,0.05370867,0.013267771,0.50088096,0.050260399,0.979015378,1
48,30.6,29.4,19.6,20.4,0,0,0,0,0,0,0,0,0,47.74,-9.7,0.778071151,0.643719872,0.074958349,0.690452116,0.140886545,0.784790158,0.875721172,0.816037467,0.834788364,0.724977368,0.63663212,0.417059239,0.67145337,0.82326014,0.519255063,0.836179739,0.32180791,0.730354444,0.769862995,0.913513514,0.193310932,0.484331406,0.113034099,0.123472345,0.119908168,0.509305143,0.165243805,0.789337447,0.861885692
49,35.7,29.4,19.6,15.3,0,0,0,0,0,0,0,0,0,35.19,-8.79,0.600889383,0.487190597,0.161576784,0.57258414,0.283006928,0.604762416,0.73211025,0.644132658,0.795464596,0.619962723,0.508522619,0.49309505,0.536066073,0.867028313,0.41952744,0.821830124,0.460112994,0.583036167,0.623937868,0.913513514,0.33994311,0.375035381,0.243651127,0.193236019,0.243136927,0.517729325,0.298113363,0.599659517,0.702287123
50,40.8,29.4,19.6,10.2,0,0,0,0,0,0,0,0,0,33.19,-5.15,0.423707615,0.330661323,0.262805419,0.454716164,0.449099196,0.424734674,0.564276028,0.466796964,0.725569803,0.514948078,0.365184658,0.569276646,0.379202097,0.910796485,0.319799818,0.782810659,0.598418079,0.423420379,0.45486443,0.913513514,0.511308192,0.265739355,0.396299734,0.262999694,0.387151063,0.526153507,0.453394441,0.409981587,0.515768568
51,45.9,29.4,19.6,5.1,0,0,0,0,0,0,0,0,0,14.29,-10.07,0.246525848,0.174132048,0.382681242,0.336848187,0.645787094,0.244706931,0.365525295,0.283768892,0.614636357,0.409933434,0.203754136,0.638229727,0.200861442,0.954564658,0.220072196,0.709469487,0.736723164,0.248663944,0.262642684,0.913513514,0.714240201,0.15644333,0.577067532,0.332763369,0.557693845,0.53457769,0.637279634,0.220303657,0.294891687
52,51,29.4,19.6,0,0,0,0,0,0,0,0,0,0,22.2,-16.63,0.06934408,0.017602773,0.52687942,0.218980211,0.882382227,0.064679189,0.126448784,0.094769889,0.408939988,0.304918789,0.020174085,0.642222836,0.001044108,0.99833283,0.120344573,0.555362133,0.875028249,0.054446778,0.047272627,0.913513514,0.958346353,0.047147305,0.794512436,0.402527043,0.762839118,0.543001872,0.858474442,0.030625727,0.029199716
53,30.6,24.5,24.5,20.4,0,0,0,0,0,0,0,0,0,44.4,-5.21,0.78147582,0.637969633,0.068827979,0.676296403,0.135512615,0.791220997,0.895858321,0.816561525,0.84702948,0.752897843,0.600018187,0.453669132,0.645646174,0.976947428,0.45650782,0.977473273,0.316271186,0.726410016,0.765674725,0.97972973,0.203627819,0.421589638,0.088686377,0,0.084689196,0.568659839,0.172421949,0.79128705,0.862338869
54,30.6,34.3,14.7,20.4,0,0,0,0,0,0,0,0,0,40.55,-16.62,0.774666481,0.649470111,0.081105745,0.704607829,0.1462754,0.77835932,0.855528097,0.815510531,0.797006705,0.697056892,0.672538586,0.366071859,0.691774438,0.665026715,0.582002305,0.698070423,0.327344633,0.734277999,0.773160918,0.847297297,0.182965392,0.547073174,0.13744944,0.246944689,0.155224951,0.449950446,0.158045726,0.787387845,0.861431257
55,30.6,39.2,9.8,20.4,0,0,0,0,0,0,0,0,0,42.77,-18.17,0.771261812,0.655220351,0.087270237,0.718763542,0.151679242,0.771928482,0.835278863,0.814980695,0.729852883,0.669136416,0.707761051,0.299304859,0.706609377,0.502247152,0.644749547,0.56028729,0.332881356,0.738180804,0.775568492,0.781081081,0.17259108,0.609814942,0.161932683,0.370417034,0.190639953,0.390595749,0.150827628,0.785438242,0.860975558
56,30.6,44.1,4.9,20.4,0,0,0,0,0,0,0,0,0,51.15,-24.79,0.767857143,0.66097059,0.093451897,0.732919255,0.157098133,0.765497643,0.814973237,0.814447935,0.623269769,0.64121594,0.742321406,0.211667052,0.715958187,0.334921452,0.70749679,0.416897064,0.338418079,0.742062983,0.777085717,0.714864865,0.162187877,0.67255671,0.18648411,0.493889379,0.226153585,0.331241053,0.143589428,0.783488639,0.86051859
57,30.6,49,0,20.4,0,0,0,0,0,0,0,0,0,47.56,-30.73,0.764452474,0.666720829,0.099650797,0.747074967,0.162532136,0.759066805,0.79461098,0.813912225,0.425639924,0.613295465,0.776240097,0.073679332,0.71982087,0.163049614,0.770244032,0.239493472,0.343954802,0.745924655,0.777712595,0.648648649,0.15175566,0.735298478,0.211104008,0.617361724,0.261766259,0.271886356,0.136331042,0.781539036,0.860060347
58,27.2,47.8,0,25,0,0,0,0,0,0,0,0,0,45.5,-33.11,0.9192607,0.825669357,0.042783181,0.87678752,0.056676324,0.917938867,0.918374081,0.948352567,0.447171848,0.753939824,0.862042996,0.044556183,0.820566762,0.133857578,0.869040656,0.253139362,0.169039548,0.865473051,0.886841611,0.551351351,0.023838865,0.84051056,0.108252113,0.518151875,0.149046676,0.224644863,0.030142568,0.950132566,0.986341073
59,27.4,47.6,0,25,0,0,0,0,0,0,0,0,0,43.6,-31.25,0.918426904,0.828630233,0.044965438,0.880687563,0.05796698,0.91735455,0.919267824,0.945398748,0.44855657,0.761594036,0.858771933,0.046878077,0.81986081,0.135448064,0.870515026,0.254639756,0.160677966,0.864648309,0.886210469,0.535135135,0.02139115,0.841615786,0.109311076,0.51210425,0.147931882,0.218037661,0.029638325,0.949717812,0.986359603
60,27,48.2,0,24.8,0,0,0,0,0,0,0,0,0,41.7,-32.37,0.913979989,0.8136092,0.041311264,0.86436516,0.058764687,0.912047589,0.911746594,0.947757778,0.444124722,0.73451318,0.864192836,0.041828536,0.817649448,0.13247253,0.862181029,0.250152136,0.191186441,0.861851534,0.883471564,0.583783784,0.033343725,0.834013991,0.110621046,0.532982955,0.155606814,0.238189627,0.035371481,0.943523724,0.981135162
61,32.2,48.8,0,19,0,0,0,0,0,0,0,0,0,46.7,-33.51,0.714980545,0.626712885,0.12518409,0.718619096,0.201562302,0.709063108,0.756346045,0.763857953,0.418640058,0.592122127,0.739657594,0.088079382,0.684456685,0.175409012,0.744342192,0.236699933,0.373559322,0.70616843,0.739657908,0.632432432,0.186631649,0.706400873,0.248428432,0.630464911,0.295694386,0.267591675,0.16996748,0.729055831,0.818277481
62,26.8,48.2,0,25,0,0,0,0,0,0,0,0,0,40.9,-33.3,0.920928293,0.819747603,0.03842287,0.868987433,0.054097496,0.919107501,0.916588317,0.954275511,0.44431643,0.738631401,0.868498937,0.039928212,0.821794505,0.130875418,0.866091916,0.250162345,0.185762712,0.867051943,0.88793925,0.583783784,0.028729583,0.838300109,0.106136227,0.530247125,0.151274116,0.237859267,0.031150082,0.950962074,0.986304048
63,26.6,48.4,0,25,0,0,0,0,0,0,0,0,0,40.5,-36.08,0.92176209,0.816786727,0.036244813,0.86508739,0.052809323,0.919691818,0.915696294,0.957244662,0.442845547,0.73097719,0.871683892,0.03762179,0.822316296,0.129483743,0.864617546,0.248685345,0.194124294,0.867806257,0.888405747,0.6,0.031172588,0.837194884,0.105079303,0.53629475,0.152386765,0.244466468,0.031653355,0.951376828,0.986285554
64,24,47.5,0,23,5,0,0,0.5,0,0,0,0,0,84.2,-26.13,0.911756531,0.901785553,0.087085529,0.941138235,0.07313257,0.905591724,0.886612193,0.90431283,0.64181438,0.830531641,0.962101915,0.103059333,0.921662328,0.083902843,0.868639184,0.34722199,0.098870056,0.916440465,0.935490552,0.540540541,0.026807829,0.888601351,0.13011013,0.479382278,0.143008875,0.207025658,0.031965184,0.915574694,0.945264023
65,23.5,41.5,0,24,0,5,6,0,0,0,0,0,0,60.4,-21.35,0.945108394,0.926158624,0.070266111,0.951971689,0.048910482,0.943002066,0.92949913,0.97753268,0.835338109,0.721416526,0.816711524,0.292115184,0.797231257,0.353539836,1,0.604829849,0.197175141,0.809075172,0.85950874,0.513513514,0,1,0.137455614,0.522399611,0.136799515,0.199867856,0.01109488,0.953188036,0.972824248
66,26,35,13,24,0,0,2,0,0,0,0,0,0,70,-13.92,0.901334074,0.750582246,0.020704916,0.777553084,0.054378087,0.906259554,0.942701045,0.948473275,0.881556247,0.725037721,0.781147047,0.342637835,0.782900943,0.584959025,0.669564646,0.719762823,0.266666667,0.831993939,0.863147449,0.878378378,0.096646312,0.639116898,0.058255905,0.27725481,0.096332751,0.445435525,0.074709061,0.92190687,0.960802754
67,20,40,8,24,8,0,0,0,0,0,0,0,0,96.7,-25.42,0.990967204,1,0.067294489,1,0.02188093,0.987438536,0.948540401,0.950198673,0.920482055,0.971509719,1,0.229303348,1,0.294790095,0.797343366,0.595149701,0.005649718,1,1,0.675675676,9.28E-05,0.866496839,0.057536932,0.19805972,0.032959923,0.303380685,0,0.980750951,0.978233856
68,20,35,13,24,8,0,0,0,0,0,0,0,0,93.9,-26.42,0.994441356,0.994132409,0.061547623,0.985555395,0.016989201,0.994000616,0.967355849,0.950353879,1,1,0.963329884,0.292444842,0.985719158,0.464725896,0.733315567,0.733499593,0,0.995867358,0.997682351,0.743243243,0.010032274,0.802474627,0.034744947,0.072067532,0,0.363946702,0.006955643,0.982740342,0.978508121
69,20,36,12,24,8,0,0,0,0,0,0,0,0,91.4,-27.56,0.993746526,0.995305927,0.0626958,0.988444316,0.017966529,0.9926882,0.963596675,0.950322904,0.987046759,0.994301944,0.970714399,0.281135611,0.989032313,0.431117423,0.746121127,0.706165455,0.001129944,0.996695569,0.998220045,0.72972973,0.00804644,0.815279069,0.0392986,0.09726597,0.006585125,0.351833499,0.005565962,0.982342464,0.978453325
70,21,37,12,23,7,0,0,0,0,0,0,0,0,56.5,-19,0.950667037,0.922638069,0.063787687,0.924165824,0.040135554,0.94859578,0.932991017,0.9291314,0.969099968,0.910410935,0.947076656,0.285835632,0.955136266,0.440395255,0.712722843,0.694097009,0.093785311,0.957033878,0.968183312,0.810810811,0.050726169,0.769452644,0.059502876,0.158462175,0.041891852,0.389824909,0.036346418,0.939197939,0.950644259
71,20,37,11,24,8,0,0,0,0,0,0,0,0,88.4,-29.28,0.993051695,0.996479445,0.063844575,0.991333237,0.018944365,0.991375784,0.959835545,0.950291897,0.972713733,0.988603887,0.978073512,0.269208267,0.992116975,0.397319606,0.758926686,0.678714092,0.002259887,0.997522937,0.998720658,0.716216216,0.006059573,0.828083512,0.043854624,0.122464407,0.013173677,0.339720295,0.004175557,0.981944586,0.978398501
72,30.9,48.5,0,20,0.6,0,0,0,0,0,0,0,0,47.8,-30.08,0.755975542,0.678149091,0.113630982,0.760580673,0.172323725,0.750514858,0.788261083,0.79598626,0.463162597,0.639211858,0.778715403,0.094812605,0.729039976,0.159346765,0.769991382,0.259935366,0.319661017,0.747365673,0.780123507,0.608108108,0.15018129,0.740811128,0.220982919,0.597346964,0.261399561,0.254046911,0.139226093,0.770441377,0.850025071
73,49.9,50,0,0,0,0,0,0.1,0,0,0,0,0,47,-30,0.060033352,0.025239669,0.547031383,0.255380615,0.906589028,0.041988663,0.001756072,0.09691343,0.008989531,0.151195527,0.167851997,0.114154751,0.050171388,0.330317328,0.364788864,0.006167241,0.940338983,0.06704007,0.055806026,0.732432432,0.922516381,0.291577373,0.927416898,0.932522184,0.976202584,0.339720295,0.825110872,0.024964094,0.022324757
74,49.75,50,0,0,0,0,0,0.25,0,0,0,0,0,48.2,-23.7,0.060241801,0.024400152,0.54608223,0.25429727,0.90597847,0.042155525,0.00170625,0.098192605,0.019567536,0.145540073,0.168296944,0.123697456,0.050131701,0.334053726,0.366029619,0.013431511,0.942372881,0.065680767,0.055794346,0.736486486,0.923322747,0.290061057,0.926327146,0.941323638,0.979309077,0.341372096,0.825203822,0.025058605,0.022415198
75,49.5,50,0,0,0,0,0,0.5,0,0,0,0,0,38.2,-23.3,0.060589216,0.023000957,0.544500814,0.252491694,0.904961198,0.04243363,0.00162324,0.100327944,0.03477989,0.136114316,0.168991314,0.13737179,0.04998996,0.340297624,0.368097544,0.024176277,0.945762712,0.063410416,0.055752628,0.743243243,0.92466626,0.287533864,0.924511472,0.955992728,0.98448491,0.344125096,0.82535869,0.025216124,0.022565885
76,49.35,50,0,0,0,0,0,0.65,0,0,0,0,0,30.1,-21.3,0.060797665,0.02216144,0.543552268,0.251408349,0.90435103,0.042600493,0.00157345,0.101611181,0.043073928,0.130458862,0.169379579,0.144814084,0.049859558,0.344053904,0.369338299,0.030165741,0.94779661,0.062045291,0.055714248,0.747297297,0.925472111,0.286017549,0.923422416,0.964794183,0.987589417,0.345776897,0.82545158,0.025310636,0.022656268
77,49.2,50,0,0,0,0,0,0.8,0,0,0,0,0,31,-20.8,0.061006115,0.021321923,0.542603949,0.250325004,0.903741008,0.042767356,0.001523672,0.102895946,0.050928946,0.124803408,0.169746552,0.151858573,0.049695139,0.347817639,0.370579054,0.035920189,0.949830508,0.060677975,0.055665855,0.751351351,0.926277768,0.284501233,0.922333622,0.973595637,0.990693179,0.347428697,0.825544449,0.025405147,0.02274663
78,49,50,0,0,0,0,0,1,0,0,0,0,0,36,-15.2,0.061284047,0.020202567,0.541339878,0.248880543,0.902927873,0.042989839,0.00145732,0.104611347,0.060857628,0.117262803,0.170202693,0.160762043,0.049422997,0.352847549,0.372233393,0.043307172,0.952542373,0.058851472,0.055585757,0.756756757,0.927351676,0.282479479,0.920882302,0.985330909,0.99483037,0.349631098,0.825668239,0.025531162,0.022867078
79,48.75,50,0,0,0,0,0,1.25,0,0,0,0,0,41.1,-10.1,0.061631462,0.018803373,0.539760357,0.247074967,0.90191182,0.043267944,0.00137441,0.106759436,0.072562105,0.107837046,0.170719511,0.171264107,0.048997775,0.359153575,0.374301318,0.052179299,0.955932203,0.056562839,0.055460604,0.763513514,0.92869358,0.279952287,0.919068804,1,1,0.352384099,0.825822921,0.025688681,0.023017585
80,49.9,50,0,0,0,0,0,0,0,0,0,0.1,0,47.9,-30.1,0.059963869,0.025438264,0.547287578,0.25574173,0.90679258,0.041960176,0.001999899,0.096649318,0.008989531,0.152383066,0.16672821,0.114895763,0.050173769,0.329606106,0.364799247,0.005992282,0.94,0.067196133,0.055806583,0.731081081,0.922247549,0.293208254,0.928321198,0.927086521,0.974209426,0.339169695,0.825079884,0.02493182,0.02229307
81,49.75,50,0,0,0,0,0,0,0,0,0,0.25,0,50.2,-24.9,0.060068093,0.02489664,0.546722584,0.255200058,0.906487258,0.04208431,0.002315776,0.097531652,0.019567536,0.14850892,0.165495554,0.125568048,0.050146582,0.332271235,0.366055576,0.012986209,0.941525424,0.06607164,0.055797822,0.733108108,0.922650789,0.294138261,0.928587649,0.92773448,0.974326794,0.339995595,0.825126366,0.024977921,0.022335994
82,49,50,0,0,0,0,0,0,0,0,0,1,0,43.9,-23.2,0.060589216,0.022188521,0.543898632,0.252491694,0.904961198,0.042704978,0.003894591,0.101954028,0.060857628,0.129138191,0.159158358,0.168504016,0.0496611,0.345628828,0.372337222,0.041387313,0.949152542,0.060429342,0.055641381,0.743243243,0.92466626,0.298788295,0.929919428,0.93097428,0.974913419,0.344125096,0.82535869,0.025208425,0.022550538
83,48,50,0,0,0,0,0,0,0,0,0,2,0,36.4,-22.2,0.061284047,0.018577696,0.540135994,0.248880543,0.902927873,0.043532535,0.005998206,0.107878427,0.104222761,0.103310553,0.150253148,0.215745475,0.048107558,0.363521789,0.380712751,0.072925732,0.959322034,0.05285449,0.055140768,0.756756757,0.927351676,0.304988341,0.93169389,0.935294012,0.97569504,0.349631098,0.825668239,0.025515765,0.022836397
84,47,50,0,0,0,0,0,0,0,0,0,3,0,31.4,-16.9,0.061978877,0.014966871,0.536376364,0.245269392,0.900896174,0.044360092,0.00810014,0.113834946,0.140837528,0.077482915,0.140819087,0.257656279,0.045518321,0.381509423,0.389088279,0.101031658,0.969491525,0.045219839,0.054306415,0.77027027,0.930034947,0.311188387,0.933466934,0.939613744,0.976476035,0.355137099,0.82597754,0.025823104,0.023122028
85,45,50,0,0,0,0,0,0,0,0,0,5,0,15.6,-12,0.063368538,0.00774522,0.528866108,0.238047089,0.896837641,0.046015207,0.012298973,0.125845395,0.201702809,0.025827638,0.120326436,0.33281456,0.037232763,0.417768705,0.405839335,0.151399898,0.989830508,0.029768385,0.051636483,0.797297297,0.935395061,0.323588479,0.937008776,0.948253208,0.978036156,0.366149103,0.826595403,0.026437783,0.023692605
86,44,50,0,0,0,0,0,0,0,0,0,6,0,15.6,-10.6,0.064063369,0.004134395,0.525115475,0.234435938,0.894810803,0.046842764,0.014395877,0.131899857,0.227659233,0,0.109247492,0.367679045,0.031536442,0.436040354,0.414214863,0.174607722,1,0.021950156,0.049800905,0.810810811,0.938071909,0.329788525,0.938777578,0.95257294,0.978815283,0.371655104,0.826903964,0.026745122,0.023977552
87,52,43,5,0,0,0,0,0,0,0,0,0,0,36.2,-24.2,0.055030573,0.049540522,0.57296729,0.280658674,0.921108997,0.042596331,0.041687725,0.074831983,0.198038862,0.259998225,0.121992814,0.327854194,0.041968486,0.511493743,0.314677594,0.171834428,0.849717514,0.069791602,0.052229801,0.635135135,0.903105374,0.239618293,0.911059343,0.740186108,0.908675907,0.333113093,0.830392489,0.022742936,0.020241863
88,51.5,43.5,5,0,0,0,0,0,0,0,0,0,0,32.4,-24.7,0.057115064,0.042138331,0.564164948,0.270908566,0.915240912,0.044057123,0.039397419,0.080784993,0.199151937,0.240862696,0.125139762,0.326259953,0.043882564,0.508742345,0.310991669,0.171164061,0.870621469,0.068548892,0.053523049,0.675675676,0.911206903,0.236855229,0.906132231,0.755305171,0.911933988,0.349631098,0.831317318,0.023779821,0.021333708
89,51,44,5,0,0,0,0,0,0,0,0,0,0,34.7,-24.1,0.059199555,0.034736139,0.555383739,0.261158457,0.909386916,0.045517916,0.037112611,0.086765798,0.200133479,0.221727168,0.12804316,0.324749758,0.045412972,0.506405136,0.307305745,0.170558862,0.891525424,0.067129546,0.054473285,0.716216216,0.919288981,0.234092165,0.901216948,0.770424234,0.915184247,0.366149103,0.832239927,0.024816706,0.022422931
90,50.75,44.25,5,0,0,0,0,0,0,0,0,0,0,29.1,-25.9,0.060241801,0.031035043,0.551001036,0.256283403,0.906465186,0.046248312,0.035972263,0.089766686,0.200574994,0.212159404,0.129403445,0.324026074,0.0460343,0.505391852,0.305462783,0.170280588,0.901977401,0.066353861,0.054819774,0.736486486,0.923322747,0.232710633,0.89876373,0.777983765,0.916806452,0.374408105,0.832700401,0.025335149,0.022966563
91,50.5,44.5,5,0,0,0,0,0,0,0,0,0,0,34.1,-25.7,0.061284047,0.027333947,0.546623588,0.251408349,0.903546959,0.046978708,0.034833283,0.092774596,0.200983706,0.202591639,0.130702733,0.323323286,0.04655971,0.504482116,0.30361982,0.17001848,0.912429379,0.065534282,0.05508051,0.756756757,0.927351676,0.231329101,0.896313453,0.785543296,0.918426711,0.382667107,0.833160323,0.025853591,0.023509543
92,50.4,44.6,5,0,0,0,0,0,0,0,0,0,0,27,-29.1,0.061700945,0.025853509,0.544874079,0.249458327,0.902380647,0.047270867,0.034378073,0.093979732,0.201138011,0.198764534,0.13120536,0.323048016,0.046743018,0.504147215,0.302882635,0.169918156,0.916610169,0.065194178,0.055160793,0.764864865,0.928961896,0.230776488,0.895334165,0.788567109,0.919074271,0.385970708,0.833344137,0.026060969,0.023726552
93,50.25,44.75,5,0,0,0,0,0,0,0,0,0,0,25.4,-23.6,0.062326292,0.023632851,0.542251386,0.246533295,0.900632229,0.047709104,0.033695667,0.095789553,0.201359637,0.193023875,0.131940979,0.322641368,0.046989203,0.503675927,0.301776858,0.169772505,0.922881356,0.06467089,0.055255492,0.777027027,0.931375778,0.229947569,0.893866113,0.793102828,0.920045029,0.390926109,0.833619694,0.026372034,0.024051872
94,50,45,5,0,0,0,0,0,0,0,0,0,0,29.1,-29.3,0.063368538,0.019931755,0.53788442,0.241658241,0.897720989,0.048439501,0.032559414,0.098811582,0.201702809,0.183456111,0.133118129,0.321980293,0.047322779,0.502973285,0.299933896,0.169542632,0.933333333,0.063763762,0.055344722,0.797297297,0.935395061,0.228566037,0.891421703,0.800662359,0.921661409,0.399185112,0.834078514,0.026890477,0.024593551
95,49.8,45.2,5,0,0,0,0,0,0,0,0,0,0,33.3,-27,0.064202335,0.016970879,0.534394611,0.237758197,0.895394507,0.049023818,0.031651391,0.101234314,0.201953773,0.175801899,0.134015824,0.321466428,0.047520579,0.502485725,0.298459526,0.169370311,0.941694915,0.06300662,0.055354363,0.813513514,0.938607022,0.227460812,0.889468282,0.806709984,0.92295312,0.405792314,0.834445175,0.027305231,0.025026428
96,49.7,45.3,5,0,0,0,0,0,0,0,0,0,0,27.4,-25.2,0.064619233,0.01549044,0.532650959,0.235808176,0.894232101,0.049315976,0.031197705,0.102447387,0.2020714,0.171974794,0.134449986,0.321214491,0.047596459,0.502266797,0.297722341,0.169288006,0.945875706,0.062617581,0.055338603,0.821621622,0.94021185,0.226908199,0.888492273,0.809733797,0.923598511,0.409095915,0.834628374,0.027512608,0.025242711
97,49.5,45.5,5,0,0,0,0,0,0,0,0,0,0,34.6,-24.3,0.065453029,0.012529564,0.529166159,0.231908132,0.891908957,0.049900293,0.030290985,0.104876956,0.202290949,0.164320582,0.135288917,0.320720603,0.047702178,0.501878643,0.296247971,0.1691311,0.954237288,0.061818591,0.055265922,0.837837838,0.943419202,0.225802973,0.886541655,0.815781422,0.924888368,0.415703116,0.834994509,0.027927362,0.025674967
98,49.3,45.7,5,0,0,0,0,0,0,0,0,0,0,28.5,-21.7,0.066286826,0.009568687,0.525684692,0.228008089,0.889588036,0.05048461,0.029385132,0.107311099,0.202489565,0.156666371,0.13608863,0.320240027,0.04774651,0.501556759,0.294773601,0.16898446,0.96259887,0.060991745,0.055138358,0.854054054,0.946623486,0.224697748,0.884592904,0.821829047,0.926176991,0.422310318,0.835360294,0.028342116,0.026106809
99,49.1,45.9,5,0,0,0,0,0,0,0,0,0,0,22.9,-14.3,0.067120623,0.00660781,0.522206553,0.224108046,0.887269334,0.051068927,0.028480146,0.109749829,0.202667255,0.149012159,0.13684909,0.319772759,0.047729455,0.501301145,0.293299231,0.168848078,0.970960452,0.060137076,0.054955913,0.87027027,0.949824707,0.223592522,0.882646015,0.827876672,0.927464382,0.42891752,0.835725729,0.02875687,0.026538238
100,49,46,5,0,0,0,0,0,0,0,0,0,0,28.6,-16.8,0.067537521,0.005127372,0.52046873,0.222158024,0.886110813,0.051361086,0.028027976,0.110970918,0.202748255,0.145185054,0.137214587,0.319544115,0.047697907,0.501198189,0.292562046,0.168783733,0.975141243,0.059699317,0.054844109,0.878378378,0.95142417,0.223039909,0.881673269,0.830900484,0.928107616,0.432221121,0.835908315,0.028964247,0.026753798
101,48.9,46.1,5,0,0,0,0,0,0,0,0,0,0,29.1,-19.4,0.067954419,0.003646934,0.518731738,0.220208002,0.884952847,0.051653244,0.027576024,0.112193159,0.202824026,0.141357948,0.137570257,0.319318798,0.047651012,0.501111801,0.291824861,0.16872195,0.979322034,0.059254614,0.054718585,0.886486486,0.953022869,0.222487297,0.880700987,0.833924297,0.928750543,0.435524722,0.836090815,0.029171624,0.026969255
102,48.8,46.2,5,0,0,0,0,0,0,0,0,0,0,23.2,-14,0.068371317,0.002166495,0.516995575,0.218257981,0.883795433,0.051945403,0.027124286,0.113416553,0.202894568,0.137530842,0.137916094,0.319096807,0.047588771,0.501041981,0.291087677,0.16866273,0.983502825,0.058802971,0.054579341,0.894594595,0.954620804,0.221934684,0.87972917,0.836948109,0.929393163,0.438828323,0.836273227,0.029379001,0.027184609
103,50,47.5,2.5,0,0,0,0,0,0,0,0,0,0,46.2,-31,0.061631462,0.022865551,0.542769464,0.248880543,0.902353936,0.045158461,0.017189723,0.097438613,0.123187342,0.16921097,0.150440068,0.233499297,0.049464905,0.41599361,0.331947795,0.095265225,0.936158192,0.065857894,0.055692369,0.763513514,0.92869358,0.260577143,0.909764282,0.863658453,0.947870083,0.368902103,0.829568214,0.025895781,0.023430164
104,50,42.5,7.5,0,0,0,0,0,0,0,0,0,0,27.6,-27.9,0.065105614,0.01699796,0.533009117,0.234435938,0.893097281,0.051720541,0.047898457,0.100180417,0.262264534,0.197701251,0.115573416,0.395697313,0.043752568,0.588769563,0.267919996,0.23804439,0.930508475,0.061662638,0.054765309,0.831081081,0.942083179,0.196554931,0.8731157,0.737666265,0.895504996,0.42946812,0.838579821,0.027885172,0.025754619
105,48.2,49.8,0,2,0,0,0,0,0,0,0,0,0,49.1,-29.3,0.128543635,0.090144252,0.489991419,0.306225625,0.809452283,0.111892218,0.10732884,0.169653907,0.104313924,0.203802254,0.241525765,0.15128424,0.131067689,0.311362386,0.404544935,0.060641875,0.876384181,0.147779006,0.142998586,0.713513514,0.818291831,0.336554661,0.834058254,0.893248619,0.879073848,0.328708292,0.733566652,0.098869834,0.133113458
106,46.2,49.8,0,4,0,0,0,0,0,0,0,0,0,59.3,-29.1,0.198026681,0.151528282,0.433347416,0.352448361,0.716972524,0.182491333,0.204217626,0.244694236,0.173169013,0.244984468,0.312598232,0.162771762,0.20868429,0.294861099,0.443653807,0.09997937,0.822146893,0.223341412,0.226656452,0.713513514,0.725277596,0.379415848,0.745114998,0.865890315,0.792237133,0.325404691,0.649208396,0.173253336,0.236150798
107,44.2,49.8,0,6,0,0,0,0,0,0,0,0,0,68,-29.1,0.267509728,0.212912311,0.380751147,0.398671096,0.631101295,0.253090448,0.294182818,0.318778203,0.227965835,0.286166681,0.380271403,0.162987522,0.282998057,0.278359812,0.482762678,0.130969785,0.767909605,0.295771625,0.306754409,0.713513514,0.638910083,0.422277034,0.662527557,0.838532011,0.711605701,0.32210109,0.570878313,0.247636838,0.331825172
108,42.2,49.8,0,8,0,0,0,0,0,0,0,0,0,74.2,-30.3,0.336992774,0.27429634,0.331783709,0.444893832,0.551154671,0.323689562,0.377940945,0.391923977,0.273207819,0.327348895,0.444811912,0.156921786,0.354008989,0.261858525,0.52187155,0.156287737,0.713672316,0.365389047,0.383292456,0.713513514,0.558501416,0.465138221,0.585638158,0.811173707,0.636537359,0.318797489,0.497952541,0.32202034,0.420898581
109,40.2,49.8,0,10,0,0,0,0,0,0,0,0,0,63.4,-29,0.40647582,0.33568037,0.286082073,0.491116568,0.476539955,0.394288677,0.456112962,0.464149267,0.311003629,0.368531109,0.506450434,0.146904406,0.421717088,0.245357238,0.560980421,0.177192828,0.659435028,0.432459529,0.456270595,0.713513514,0.483455472,0.507999407,0.513876771,0.783815403,0.566475576,0.315493888,0.429890432,0.396403842,0.504031387
110,39.2,49.8,0,11,0,0,0,0,0,0,0,0,0,64.5,-29.3,0.441217343,0.366372384,0.264355508,0.514227936,0.441068107,0.429588234,0.493275951,0.499922144,0.327508832,0.389122215,0.536245343,0.140842404,0.454332574,0.237106594,0.580534857,0.18623063,0.632316384,0.465111047,0.491424698,0.713513514,0.447778618,0.52943,0.479761396,0.770136252,0.533168193,0.313842088,0.397533695,0.433595593,0.543552737
111,35.2,49.8,0,15,0,0,0,0,0,0,0,0,0,58,-31.3,0.580183435,0.489140443,0.184136815,0.606673407,0.310099161,0.570786464,0.630488919,0.640797635,0.379858395,0.471486642,0.649112273,0.111881839,0.576537435,0.204104021,0.6587526,0.214331094,0.523841808,0.590382516,0.623141338,0.713513514,0.316052751,0.615152373,0.353800813,0.715419644,0.410190873,0.307234886,0.278066343,0.582362597,0.689473226
112,30.2,49.8,0,20,0,0,0,0,0,0,0,0,0,41,-35.1,0.753891051,0.642600516,0.09676016,0.722230247,0.167443779,0.74728425,0.779945482,0.812058046,0.418792437,0.574442176,0.777382608,0.069020185,0.71071507,0.162850803,0.756524779,0.233956333,0.388248588,0.736407954,0.767762649,0.713513514,0.172572908,0.722305339,0.216600692,0.647023885,0.276240213,0.298975884,0.147938848,0.768321352,0.848414288
113,49.5,49.5,0,0,1,0,0,0,0,0,0,0,0,48.6,-30.6,0.070316843,0.060372998,0.556899572,0.287519861,0.897493918,0.052131076,0.015215552,0.097585139,0.06092029,0.199130203,0.214812539,0.130584252,0.099668428,0.31163575,0.374119618,0.032671193,0.894350282,0.103120688,0.094183887,0.689189189,0.895252657,0.314221018,0.920530826,0.894256556,0.948822321,0.318797489,0.806564567,0.031890745,0.03124884
114,47.5,49.5,0,0,3,0,0,0,0,0,0,0,0,60.1,-23.3,0.095330739,0.114715918,0.557813558,0.330853676,0.867441803,0.075559971,0.037111638,0.112554492,0.141157366,0.249187894,0.308913522,0.138581256,0.196020071,0.278831987,0.387063616,0.071666702,0.846892655,0.167855933,0.16894198,0.689189189,0.858741389,0.351960428,0.895945734,0.859698699,0.90549782,0.312190287,0.772200819,0.047943835,0.050969103
115,45.5,49.5,0,0,5,0,0,0,0,0,0,0,0,70.6,-27,0.120344636,0.169058838,0.558702107,0.374187491,0.838226083,0.098988867,0.058398323,0.127294408,0.202290949,0.299245584,0.397453902,0.132074738,0.288357061,0.246028224,0.400007614,0.098794932,0.799435028,0.230177303,0.240585153,0.689189189,0.823246283,0.389699837,0.872044882,0.825140841,0.863379103,0.305583086,0.738793466,0.063996924,0.070140523
116,40.5,49.5,0,0,10,0,0,0,0,0,0,0,0,58,-27.3,0.182879377,0.304916139,0.560818924,0.482522028,0.768624569,0.157561105,0.109110254,0.16317437,0.311775614,0.424389811,0.597918531,0.094911242,0.501635437,0.164018816,0.43236761,0.139857464,0.68079096,0.376779829,0.406065307,0.689189189,0.738685194,0.48404836,0.81510514,0.738746198,0.76303838,0.289065081,0.659206092,0.104129647,0.115813191
117,35.5,49.5,0,0,15,0,0,0,0,0,0,0,0,50.9,-28.8,0.245414119,0.440773439,0.562798037,0.590856565,0.7035508,0.216133344,0.156523252,0.197730222,0.381122785,0.549534037,0.773413259,0.048463218,0.689822238,0.082009408,0.464727605,0.157174773,0.562146893,0.512220846,0.552077207,0.689189189,0.659625006,0.578396884,0.761869465,0.652351554,0.669225063,0.272547076,0.584796069,0.144262371,0.158514742
118,30.5,49.5,0,0,20,0,0,0,0,0,0,0,0,50.6,-35,0.30794886,0.576630739,0.56465246,0.699191102,0.642576884,0.274705582,0.200949081,0.231033932,0.420624452,0.674678264,0.928351249,0,0.852917467,0,0.4970876,0.158203272,0.443502825,0.638345807,0.678620854,0.689189189,0.585545859,0.672745407,0.711987805,0.565956911,0.58132228,0.256029072,0.515074111,0.184395094,0.19852596
119,50,43.5,5,0,0,0,1.5,0,0,0,0,0,0,33.6,-25.9,0.062326292,0.022504468,0.541415857,0.244908277,0.900234484,0.048538013,0.040627217,0.098685018,0.283296757,0.184814059,0.131234611,0.401778822,0.047009668,0.515753972,0.302010473,0.22658087,0.928248588,0.060212163,0.054941451,0.777027027,0.931375778,0.22755516,0.892717665,0.805522058,0.9247916,0.390926109,0.833619694,0.026313985,0.023936273
120,50,42,5,0,0,0,3,0,0,0,0,0,0,32.7,-23.8,0.061284047,0.025077181,0.544951528,0.248158313,0.902750992,0.048636525,0.048704694,0.098558489,0.338449483,0.186172007,0.12934879,0.456441898,0.046614876,0.528534659,0.30408705,0.267385385,0.923163842,0.056638972,0.054287874,0.756756757,0.927351676,0.226544283,0.894015182,0.810381756,0.927925544,0.382667107,0.833160323,0.025737492,0.023278206
121,50,40,5,0,0,0,5,0,0,0,0,0,0,32.7,-21.6,0.059894386,0.028507465,0.549672356,0.252491694,0.906111033,0.048767875,0.059489741,0.098389839,0.396458958,0.187982604,0.126830771,0.514654918,0.045961428,0.545575575,0.30685582,0.31259588,0.916384181,0.051840866,0.053027072,0.72972973,0.921978696,0.225196447,0.895747625,0.816861355,0.932109987,0.371655104,0.832546971,0.024968836,0.022399556
122,49.5,43.065,6.435,0,0,0,1,0,0,0,0,0,0,19,-15.5,0.065755281,0.012560707,0.528719949,0.229929221,0.890929312,0.051849285,0.044460661,0.105574624,0.298215844,0.173402592,0.124091242,0.422672419,0.045757813,0.55940234,0.279256378,0.250978278,0.949225989,0.058289486,0.054749656,0.843716216,0.944581109,0.20675468,0.876901048,0.782861463,0.911962312,0.427579562,0.837271859,0.028113989,0.02590366
123,49.5,42.075,7.425,0,0,0,1,0,0,0,0,0,0,16,-14.7,0.066443163,0.011398924,0.526794426,0.22706919,0.889102407,0.053148577,0.050525568,0.106113889,0.320522874,0.179043667,0.117181807,0.450738931,0.044267353,0.593039318,0.266578874,0.278314173,0.948107345,0.057463804,0.054476889,0.857094595,0.947223948,0.194078282,0.86966316,0.757915009,0.901616145,0.439571633,0.839051749,0.028507888,0.026362573
124,49.5,41.085,8.415,0,0,0,1,0,0,0,0,0,0,14,-10.5,0.067131045,0.010237141,0.524870421,0.224209158,0.887276944,0.054447869,0.05658569,0.106652509,0.340898275,0.184684743,0.110237046,0.477261513,0.042552946,0.626490722,0.25390137,0.30523784,0.946988701,0.056637028,0.054167778,0.870472973,0.949864703,0.181401884,0.862430981,0.732968556,0.891278137,0.451563704,0.840830235,0.028901788,0.026821124
125,45.3,50,0,0,0,0,0,0,0,0,0,4.7,0,10.9,-9.04,0.063160089,0.008828468,0.529991882,0.239130435,0.897446007,0.04576694,0.011669576,0.124035486,0.193398262,0.03357593,0.123540711,0.322064425,0.038739699,0.412305671,0.403326677,0.144215856,0.986779661,0.032101749,0.052122077,0.793243243,0.934591589,0.321728465,0.936477861,0.946957289,0.977802297,0.364497302,0.826502786,0.026345581,0.023607076
